{"intents": [
            {
             "intent":"greetings",
             "text": ["hello","hey","hi","good day","greetings","what's up?","how is it going"],
             "responses":["hello","hey!","what can i do for you?"]
            },
            {
             "intent":"goodbye",
             "text": ["cya","see you later","goodbye","have a good day","bye","cao","see ya"],
             "responses":["have a nice day","goodbye"]
            },
            {
             "intent":"age",
             "text": ["how old","how old are you?","what is your age","how old are you","age?"],
             "responses":["I get reborn after every compilation","hey!","my owners are averagely 20 years!"]
            },
            {
             "intent":"name",
             "text": ["what is your name","what should i call you","what's your name?","who are you?","can you tell me your name"],
             "responses":["you can call me Medbot!","i am Medbot!","i am Medbot your medical assistant"]
            },
            {
             "intent":"common cold symptoms",
             "text": ["Runny or stuffy nose",
             "Sore throat",
             "Cough",
             "Congestion",
             "Slight body aches or a mild headache",
             "Sneezing",
             "Low-grade fever",
             "Generally feeling unwell (malaise)"],
             "responses":["It seems that you are suffering from common cold"]
            },
            {
             "intent":"fever symptoms",
             "text":["Sweating",
             "Chills and shivering",
             "Headache",
             "Muscle aches",
             "Loss of appetite",
             "Irritability",
             "Dehydration",
             "General weakness"],
             "responses":["It seems that you are suffering from fever"]
            },
            {
             "intent":"Diabetes symptoms",
             "text":["increased hunger",
             "increased thirst",
             "weight loss",
             "frequent urination",
             "blurry vision",
             "extreme fatigue"],
             "responses":["It seems that you are suffering from Diabetes"]
            },
            {
             "intent":"Depression symptoms",
             "text":["Hopeless outlook",
             "Lost interest",
             "Increased fatigue",
             "sleep problem",
             "Anxiety",
             "change in weight",
             "Looking at death"],
             "responses":["It seem that you are suffering from depression"]
            },
            {
             "intent":"Asthma symptoms",
             "text":["coughing",
             "tightness in the chest",
             "shortness of breath",
             "difficulty talking",
             "panic",
             "fatigue"],
             "responses":["It seem that you are suffering from Asthma"]
            },
            {
             "intent":"common cold prevention",
             "text":["What medicines can I buy to help me with my common cold?","tell me some prevention method from common cold","What should I eat or drink if i am suffering from common cold?","How can I keep from getting a cold or the flu?"],
             "responses":["medicines you can consume : Dextromethorphan,Decongestant,Diphenhydramine,Crocin Cold & Flu Max, preventions that you must follow :Wash your hands,Avoid touching your face,Clean frequently used surfaces,Use hand sanitizers,SUGGESTED FOODS ARE:Garlic,Vitamin C–containing fruits,Leafy greens,Broccoli,Oatmeal,Spices,Chicken Soup"]
            },
            {
             "intent":"fever prevention",
             "text":["What medicines can I buy to help me with my fever?","tell me some prevention method from fever","What should I eat or drink if i am suffering from fever?","How can I keep from getting a fever?"],
             "responses":["medicines you can consume : acetaminophen ,ibuprofen,aspirin,Crocin Cold & Flu Max, prevention that you must follow :Wash your hands,Cover your mouth when you cough and your nose when you sneeze,Clean frequently used surfaces,Avoid sharing cups, glasses, and eating utensils with other people.,SUGGESTED FOODS ARE:Garlic,Vitamin C–containing fruits,Leafy greens,Broccoli,Oatmeal,Spices,Chicken Soup"]
            },
            {
             "intent":"diabetes prevention",
             "text":["What medicines can I buy to help me with my diabetes?","tell me some prevention method from diabetes","What should I eat or drink if i am suffering from diabetes?","How can I keep from getting diabetes?"],
             "responses":["medicines you can consume : Insulin ,Amylinomimetic drug,Dipeptidyl peptidase-4 (DPP-4) inhibitor, prevention that you must follow :Cut Sugar and Refined Carbs From Your Diet,Work Out Regularly,Drink Water as Your Primary Beverage,Lose Weight If You’re Overweight or Obese,Quit Smoking, Follow a Very-Low-Carb Diet,Watch Portion Sizes,SUGGESTED FOODS ARE:Leafy greens,Avocados,Eggs"]
            },
            {
             "intent":"depression prevention",
             "text":["What medicines can I buy to help me with my depression?","tell me some prevention method from depression","What should I eat or drink if i am suffering from depression?","How can I keep from getting depression?"],
             "responses":["medicines you can consume :  brexpiprazole, quetiapine,olanzapine, prevention that you must follow :Exercise regularly,Cut back on social media time,Drink Water as Your Primary Beverage,Build strong relationships,Minimize your daily choices, Follow a Very-Low-Carb Diet,SUGGESTED FOODS ARE:Get Enough Vitamin D,Include Omega-3 Fatty Acids,Beans and legumes"]
            },
            {
             "intent":"asthma prevention",
             "text":["What medicines can I buy to help me with my asthma?","tell me some prevention method from asthma","What should I eat or drink if i am suffering from asthma?","How can I keep from getting asthma?"],
             "responses":["medicines you can consume : epinephrine,anticholinergic,Proair HFA, prevention that you must follow : Identify Asthma Triggers, Stay Away From Allergens,Avoid Smoke of Any Type,SUGGESTED FOODS ARE:carrots,juice,eggs,broccoli,cantaloupe,milk"]
            },
            {
             "intent":"Consultation",
             "text": ["who should i contact for consultation?","is there any doctor available?","can you give me some suggestions for doctor consultations?","can you set up a meeting with a doctor for consultation?","is there any doctor available for consultation"],
             "responses":["You can contact various doctors here for any kind of consultation: 1. https://www.1mg.com/online-doctor-consultation, 2. https://www.tatahealth.com/online-doctor-consultation/general-physician, 3. https://www.doconline.com/, or you can pay a visit to your local area doctor or family doctor."]
            },
        {
            "intent": "exercise_recommendation",
            "text": ["Best exercises for weight loss", "Exercises to improve flexibility", "Strength training routines", "Cardio workouts"],
            "responses": ["For weight loss, combine cardio exercises like jogging and cycling with strength training. Yoga and Pilates improve flexibility. Strength training exercises include squats, lunges, and push-ups. Cardio workouts like running and swimming boost heart health."]
        },
        {
            "intent": "nutrition_advice",
            "text": ["Healthy snacks ideas", "Low-calorie meal recipes", "Vegan diet tips", "Gluten-free eating"],
            "responses": ["Healthy snacks include fruits, nuts, and yogurt. Try grilled vegetables, salads, and lean proteins for low-calorie meals. A balanced vegan diet includes beans, tofu, and plenty of vegetables. Gluten-free options include quinoa, rice, and gluten-free oats."]
        },
        {
            "intent": "sleep_health",
            "text": ["How to improve sleep quality", "Dealing with insomnia", "Ideal sleep duration", "Creating a bedtime routine"],
            "responses": ["Improve sleep quality by keeping a consistent sleep schedule and creating a relaxing bedtime routine. Limit screen time before sleep. If you have insomnia, consult a healthcare provider. Adults generally need 7-9 hours of sleep per night for optimal health."]
        },
        {
            "intent": "holistic_health",
            "text": ["Benefits of meditation", "Practicing mindfulness", "Natural remedies for common ailments", "Holistic wellness practices"],
            "responses": ["Meditation reduces stress, improves focus, and promotes emotional well-being. Mindfulness involves being present in the moment, reducing anxiety. Natural remedies like herbal teas and essential oils can alleviate minor ailments. Holistic practices include acupuncture, chiropractic care, and massage therapy."]
        },
        {
            "intent": "travel_health",
            "text": ["Travel vaccinations", "Jet lag remedies", "Staying healthy while traveling", "Travel insurance advice"],
            "responses": ["Check travel vaccinations needed for your destination. To prevent jet lag, adjust your sleep schedule before departure. Stay hydrated, wash hands frequently, and eat balanced meals while traveling. Consider travel insurance to cover unexpected medical expenses abroad."]
        },
        {
            "intent": "first_aid",
            "text": ["Basic first aid techniques", "Dealing with minor burns/cuts", "CPR instructions", "Recognizing signs of a stroke/heart attack"],
            "responses": ["For minor burns/cuts, clean the wound, apply antiseptic, and cover with a bandage. CPR involves chest compressions and rescue breaths. Signs of a stroke include sudden numbness, confusion, and difficulty speaking. Heart attack signs include chest pain, shortness of breath, and nausea."]
        },
        {
            "intent": "aging_health",
            "text": ["Healthy aging tips", "Managing arthritis in old age", "Cognitive exercises for seniors", "Preventing falls in the elderly"],
            "responses": ["Healthy aging involves regular exercise, balanced diet, and social engagement. Manage arthritis with gentle exercises, heat/cold therapy, and medications. Cognitive exercises like puzzles and reading maintain brain health. Prevent falls by removing hazards, using handrails, and regular eye check-ups."]
        },
        {
            "intent": "sexual_health",
            "text": ["Safe sex practices", "STD prevention", "Importance of regular check-ups", "Handling sexual health concerns"],
            "responses": ["Safe sex involves using condoms and getting tested regularly. STD prevention includes vaccinations and practicing monogamy. Regular check-ups detect issues early. Don't hesitate to seek medical advice for any sexual health concerns."]
        },
        {
            "intent": "home_remedies",
            "text": ["Home remedies for sore throat", "Natural remedies for allergies", "DIY face masks for skin care", "Herbal teas for relaxation"],
            "responses": ["Gargling with warm salt water helps sore throat. Honey and ginger can alleviate allergies. DIY face masks with honey and oatmeal improve skin. Chamomile and lavender teas promote relaxation and sleep."]
        },
        {
            "intent": "stress_management",
            "text": ["Stress relief techniques", "Mind-body relaxation methods", "Healthy coping mechanisms", "Workplace stress management"],
            "responses": ["Stress relief methods include deep breathing, yoga, and meditation. Mind-body techniques like tai chi promote relaxation. Healthy coping mechanisms involve talking to a friend, journaling, or hobbies. In the workplace, take breaks, delegate tasks, and communicate concerns."]
        },
        {
            "intent": "allergies",
            "text": ["Common allergens", "Symptoms of allergies", "How to manage allergies", "Allergy testing"],
            "responses": ["Common allergens include pollen, dust mites, pet dander, certain foods, and insect stings. If you suspect allergies, consult an allergist for proper diagnosis and management."]
        },
        {
            "intent": "pregnancy",
            "text": ["Pregnancy symptoms", "Prenatal care", "What to eat during pregnancy", "Labor and delivery"],
            "responses": ["Pregnancy symptoms vary, but common signs include missed periods, morning sickness, fatigue, and breast tenderness. Prenatal care is crucial for a healthy pregnancy. Consult an OB-GYN for personalized guidance."]
        },
        {
            "intent": "child_health",
            "text": ["Childhood vaccinations", "Healthy diet for kids", "Childhood illnesses", "Parenting tips"],
            "responses": ["Childhood vaccinations are essential to protect against serious diseases. Encourage a balanced diet rich in fruits, vegetables, and whole grains for your child's health. Regular pediatric check-ups are important for monitoring growth and development."]
        },
        {
            "intent": "elderly_care",
            "text": ["Elderly care services", "Managing chronic conditions in elderly", "Fall prevention tips", "Caring for aging parents"],
            "responses": ["Elderly care services provide support for seniors in various ways, from home healthcare to assisted living facilities. Managing chronic conditions often requires regular medications and lifestyle modifications. Fall prevention includes removing hazards at home and regular exercise."]
        },
        {
            "intent": "mental_health_support",
            "text": ["Online therapy options", "Mental health hotlines", "Self-help techniques for anxiety/depression", "Coping with stress"],
            "responses": ["Several platforms offer online therapy with licensed therapists. Mental health hotlines provide immediate support. Deep breathing, exercise, and talking to a trusted friend can help manage anxiety and depression. Managing stress includes time management and relaxation techniques."]
        },
        {
            "intent": "rehabilitation",
            "text": ["Post-surgery rehabilitation", "Recovery exercises", "Physical therapy benefits", "Choosing a rehabilitation center"],
            "responses": ["Post-surgery rehabilitation often involves tailored exercises to regain strength and mobility. Physical therapy aids in recovery by improving flexibility and reducing pain. When choosing a rehabilitation center, consider their expertise, facilities, and patient reviews."]
        },
        {
            "intent": "sexual_health",
            "text": ["Sexual health screenings", "Birth control options", "STI prevention", "Counseling for sexual health concerns"],
            "responses": ["Regular sexual health screenings are important for early detection of infections and diseases. Birth control options include pills, condoms, and intrauterine devices (IUDs). STI prevention involves safe practices and regular testing. Don't hesitate to seek counseling for any sexual health concerns."]
        },
        {
            "intent": "substance_abuse",
            "text": ["Substance abuse treatment options", "Support groups for addiction", "Counseling for substance abuse", "Signs of substance abuse"],
            "responses": ["Treatment options for substance abuse include therapy, counseling, and support groups like Alcoholics Anonymous (AA) and Narcotics Anonymous (NA). Counseling is essential for addressing underlying issues. Signs of substance abuse include changes in behavior, neglecting responsibilities, and withdrawal symptoms."]
        },
        {
            "intent": "chronic_conditions",
            "text": ["Managing diabetes", "Coping with cancer treatments", "Living with arthritis", "Heart disease management"],
            "responses": ["Managing diabetes involves medication, monitoring blood sugar levels, and lifestyle changes. Coping with cancer treatments may include chemotherapy, radiation, and emotional support. Living with arthritis requires exercise, weight management, and pain relief techniques. Heart disease management involves medication, dietary changes, and regular exercise."]
        },
        {
            "intent": "dental_care",
            "text": ["Dental hygiene tips", "Common dental problems", "Choosing a dentist", "Importance of regular dental check-ups"],
            "responses": ["Good dental hygiene includes brushing, flossing, and regular dental check-ups. Common dental problems include cavities, gum disease, and tooth sensitivity. Choose a dentist based on recommendations, expertise, and your comfort level. Regular dental check-ups prevent issues and maintain oral health."]
        },
        {
            "intent": "symptoms",
            "text": ["I have symptoms", "What are the symptoms of [condition]?", "I feel [symptom]", "Do I have [condition]?"],
            "responses": ["I'm not a doctor, but I can help you find information about your symptoms. Please consult a healthcare professional for an accurate diagnosis."]
        },
        {
            "intent": "emergency",
            "text": ["I need urgent help", "Emergency assistance", "Call an ambulance", "I'm having a medical emergency"],
            "responses": ["I'm really sorry to hear that you're in distress, but I'm just a computer program and can't provide emergency assistance. Please call your local emergency number immediately."]
        },
        {
            "intent": "medication",
            "text": ["What is [medication] used for?", "Dosage of [medication]", "Side effects of [medication]", "Can I take [medication] with [another medication]?"],
            "responses": ["I can provide general information about medications, but it's important to consult a doctor or pharmacist for specific medical advice regarding your medication."]
        },
        {
            "intent": "appointment",
            "text": ["How can I book an appointment?", "Schedule a doctor's appointment", "Availability of doctors", "Book a consultation"],
            "responses": ["You can book a doctor's appointment online through various platforms like Practo (https://www.practo.com/), Zocdoc (https://www.zocdoc.com/), or through the official website of your local healthcare provider."]
        },
        {
            "intent": "insurance",
            "text": ["How does health insurance work?", "What does my insurance cover?", "Find health insurance plans", "Insurance policy details"],
            "responses": ["Health insurance coverage can vary. It's best to contact your insurance provider directly for specific details about your policy, coverage, and benefits."]
        },
        {
            "intent": "mental_health",
            "text": ["I feel anxious", "I'm stressed out", "Dealing with depression", "Need someone to talk to"],
            "responses": ["I'm really sorry to hear that you're feeling this way. It's important to talk to someone who can help, such as a mental health professional or a trusted person in your life."]
        },
        {
            "intent": "diet_nutrition",
            "text": ["What's a balanced diet?", "Healthy eating tips", "Nutrition advice", "Diet for [specific condition]"],
            "responses": ["A balanced diet includes a variety of foods such as fruits, vegetables, whole grains, lean proteins, and healthy fats. For personalized nutrition advice, it's best to consult a registered dietitian."]
        },
        {
            "intent": "exercise",
            "text": ["Best exercises for [specific condition]", "How often should I exercise?", "Exercise routines", "Fitness tips"],
            "responses": ["Regular physical activity is important for overall health. The best exercises depend on your fitness level and health condition. It's advisable to consult a fitness expert or a healthcare provider for personalized exercise recommendations."]
        },
        {
            "intent": "vaccination",
            "text": ["Vaccination schedule", "Where can I get vaccinated?", "Vaccine information", "Vaccines for adults/children"],
            "responses": ["Vaccination schedules can vary based on your location and age group. It's best to check with your local healthcare provider or government health department for the most up-to-date vaccination information."]
        },
        {
            "intent": "insurance_claim",
            "text": ["How to file a health insurance claim?", "Claim process", "Required documents for insurance claim", "Claim status"],
            "responses": ["To file a health insurance claim, you'll typically need to contact your insurance provider and provide necessary documents such as medical bills and receipts. The exact process can vary, so it's best to check with your insurance company for specific instructions."]
        },
        {
            "intent": "self_care_tips",
            "text": ["Self-care ideas", "Relaxation techniques", "Mindfulness exercises", "Managing stress at home"],
            "responses": ["Self-care can include reading, taking walks, or practicing hobbies. Relaxation techniques like deep breathing and meditation can reduce stress. Mindfulness exercises involve being present in the moment. Creating a calm home environment and setting boundaries can help manage stress."]
        },
        {
            "intent": "nutrition_labels",
            "text": ["How to read nutrition labels", "Understanding food labels", "Interpreting ingredient lists", "Healthy food choices"],
            "responses": ["Reading nutrition labels helps you make informed food choices. Focus on serving size, calories, and nutrients. Check ingredient lists for hidden sugars and unhealthy fats. Choose whole foods, fruits, vegetables, and lean proteins for a balanced diet."]
        },
        {
            "intent": "sleep_disorders",
            "text": ["Symptoms of sleep disorders", "Treatment for insomnia", "Dealing with sleep apnea", "Improving sleep quality"],
            "responses": ["Symptoms of sleep disorders include difficulty falling or staying asleep. Insomnia treatment may involve therapy or medications. Sleep apnea may require CPAP machines or surgery. Improve sleep quality by creating a bedtime routine, limiting screen time, and maintaining a comfortable sleep environment."]
        },
        {
            "intent": "immune_system",
            "text": ["Boosting the immune system", "Foods that strengthen immunity", "Regular exercise and immunity", "Getting enough sleep for a healthy immune system"],
            "responses": ["A healthy lifestyle boosts the immune system. Eat a balanced diet with plenty of fruits, vegetables, and whole grains. Regular exercise enhances immunity. Aim for 7-9 hours of sleep to support a healthy immune system."]
        },
        {
            "intent": "exercise_injuries",
            "text": ["Preventing exercise-related injuries", "Treating muscle strains", "Dealing with joint pain", "Recovering from sports injuries"],
            "responses": ["Warm-up before exercising and cool down afterward to prevent injuries. Rest, ice, compression, and elevation (RICE) can help treat muscle strains. Joint pain may require rest and pain relief. Consult a healthcare professional for proper diagnosis and rehabilitation after sports injuries."]
        },
        {
            "intent": "weight_management",
            "text": ["Healthy weight loss strategies", "Maintaining a healthy weight", "Understanding body mass index (BMI)", "Weight gain causes and prevention"],
            "responses": ["Healthy weight loss involves a balanced diet and regular exercise. Maintain a healthy weight by adopting a sustainable lifestyle. BMI measures body fat based on height and weight. Avoiding processed foods, sugary drinks, and staying active can prevent weight gain."]
        },
        {
            "intent": "digital_health",
            "text": ["Using health apps", "Benefits of wearable devices", "Virtual doctor visits", "Online fitness programs"],
            "responses": ["Health apps can track fitness, nutrition, and mental health. Wearable devices monitor activity, heart rate, and sleep text. Virtual doctor visits offer convenient consultations. Online fitness programs provide guided workouts and nutrition plans."]
        },
        {
            "intent": "menstrual_health",
            "text": ["Managing menstrual cramps", "Healthy menstrual hygiene practices", "Irregular menstrual cycles", "PMS symptoms and remedies"],
            "responses": ["Menstrual cramps can be relieved with hot water bottles and relaxation techniques. Maintain good menstrual hygiene by changing pads or tampons regularly. Irregular menstrual cycles may be due to hormonal imbalances. PMS symptoms can be managed with a balanced diet and stress reduction."]
        },
        {
            "intent": "organ_donation",
            "text": ["Importance of organ donation", "How to become an organ donor", "Common myths about organ donation", "Organ transplant process"],
            "responses": ["Organ donation saves lives by providing organs to patients in need. Sign up as an organ donor through local organizations or online registries. Common myths include age limits and medical complications, which are often inaccurate. Organ transplant processes involve evaluations, matching, and surgery."]
        },
        {
            "intent": "caregiver_support",
            "text": ["Support for caregivers", "Managing caregiver stress", "Respite care options", "Legal and financial resources for caregivers"],
            "responses": ["Caregivers need emotional and practical support. Managing stress is crucial; respite care offers short-term relief. Legal and financial resources include power of attorney and assistance programs. Reach out to local caregiver support groups for guidance."]
        },
        {
            "intent": "reproductive_health",
            "text": ["Fertility awareness methods", "Contraception options", "Reproductive health screenings", "Dealing with infertility"],
            "responses": ["Fertility awareness methods track menstrual cycles for natural family planning. Contraception options include pills, condoms, and intrauterine devices. Regular reproductive health screenings detect issues early. Infertility treatments may include medications, surgery, or assisted reproductive technologies."]
        },
        {
            "intent": "addiction_recovery",
            "text": ["Support for addiction recovery", "12-step programs", "Therapies for addiction", "Relapse prevention strategies"],
            "responses": ["Addiction recovery involves therapy, support groups, and lifestyle changes. 12-step programs like AA provide structured support. Therapies like cognitive-behavioral therapy address underlying issues. Relapse prevention includes avoiding triggers and building a strong support network."]
        },
        {
            "intent": "caregiving_tips",
            "text": ["Caring for loved ones with dementia", "Effective communication with seniors", "Assistive devices for elderly", "Managing challenging behaviors in patients"],
            "responses": ["Patients with dementia need patience and understanding. Effective communication involves clear, simple language and active listening. Assistive devices like walkers improve mobility. Managing challenging behaviors requires a calm approach and redirection techniques."]
        },
        {
            "intent": "cancer_support",
            "text": ["Cancer support groups", "Coping with chemotherapy side effects", "Cancer prevention tips", "Support for cancer caregivers"],
            "responses": ["Cancer support groups provide emotional and practical support. Coping with chemotherapy side effects may involve medications and lifestyle changes. Cancer prevention includes a healthy diet, regular exercise, and avoiding tobacco. Cancer caregivers need support; consider joining caregiver support groups."]
        },
        {
            "intent": "nutrition_for_athletes",
            "text": ["Nutrition for athletes", "Pre-workout meals", "Post-workout recovery foods", "Hydration tips for athletes"],
            "responses": ["Athletes need a balanced diet with carbohydrates, proteins, and healthy fats. Pre-workout meals should include complex carbs and proteins. Post-workout recovery foods include protein-rich snacks and hydrating fruits. Hydration is crucial; drink water before, during, and after exercise."]
        },
        {
            "intent": "youth_health",
            "text": ["Teenage health issues", "Healthy habits for adolescents", "Teen mental health", "Substance abuse prevention in youth"],
            "responses": ["Teenage health issues may include acne, growth spurts, and emotional changes. Healthy habits include balanced nutrition and regular exercise. Teen mental health concerns require support from parents and mental health professionals. Substance abuse prevention involves education and open communication."]
        },
        {
            "intent": "disease_prevention",
            "text": ["Preventing common diseases", "Immunization schedules for children", "Preventing the spread of infectious diseases", "Travel health precautions"],
            "responses": ["Prevent diseases by practicing good hygiene, getting vaccinated, and staying active. Follow immunization schedules to protect children from serious diseases. Prevent the spread of infectious diseases by washing hands frequently and avoiding close contact with sick individuals. Travelers should research health precautions specific to their destination."]
        },
        {
            "intent": "vision_care",
            "text": ["Eye care tips", "Common eye problems", "Choosing the right glasses or contact lenses", "Eye safety precautions"],
            "responses": ["Eye care includes regular eye exams and protecting eyes from UV rays. Common eye problems include myopia, hyperopia, and astigmatism. Consult an eye specialist to choose the right glasses or contact lenses. Eye safety precautions involve wearing protective goggles in hazardous environments."]
        },
        {
            "intent": "skin_care",
            "text": ["Skin care routines", "Dealing with acne", "Sun protection tips", "Common skin conditions"],
            "responses": ["A good skin care routine includes cleansing, moisturizing, and using sunscreen. Acne can be managed with proper cleansing and non-comedogenic products. Protect skin from UV rays by wearing sunscreen, hats, and sunglasses. Common skin conditions include eczema, psoriasis, and dermatitis."]
        },
        {
            "intent": "elderly_nutrition",
            "text": ["Nutrition for seniors", "Managing appetite in the elderly", "Elderly-friendly meal ideas", "Dietary supplements for older adults"],
            "responses": ["Nutrition for seniors should include plenty of fruits, vegetables, whole grains, and lean proteins. Managing appetite may involve smaller, more frequent meals. Elderly-friendly meals can include soups, stews, and soft foods. Consult a healthcare provider before taking dietary supplements."]
        },
        {
            "intent": "teen_nutrition",
            "text": ["Healthy eating for teens", "Balanced diet for adolescents", "Dealing with body image issues", "Encouraging positive eating habits"],
            "responses": ["Teens need a balanced diet with adequate nutrients for growth and development. Encourage teens to eat a variety of fruits, vegetables, whole grains, and proteins. Address body image issues with positive reinforcement and self-acceptance. Promote positive eating habits through family meals and setting a good example."]
        },
        {
            "intent": "cognitive_health",
            "text": ["Cognitive exercises for brain health", "Memory improvement techniques", "Preventing cognitive decline", "Brain-boosting foods"],
            "responses": ["Cognitive exercises like puzzles and memory games promote brain health. Memory can be improved through regular mental exercises and a healthy lifestyle. Prevent cognitive decline by staying mentally and socially active. Brain-boosting foods include fatty fish, berries, and nuts."]
        },
        {
            "intent": "dental_health",
            "text": ["Caring for dental implants", "Oral hygiene for braces wearers", "Dealing with tooth sensitivity", "Choosing the right toothpaste"],
            "responses": ["Caring for dental implants involves regular brushing and flossing. Oral hygiene for braces wearers includes special brushes and tools. Tooth sensitivity can be managed with desensitizing toothpaste and avoiding hot or cold foods. Choose toothpaste with fluoride to strengthen enamel."]
        },
        {
            "intent": "heart_health",
            "text": ["Maintaining heart health", "Heart-healthy diets", "Exercises for a healthy heart", "Blood pressure management"],
            "responses": ["Maintain heart health through regular exercise, balanced diet, and stress management. Heart-healthy diets include low-fat, low-sodium foods, and plenty of fruits and vegetables. Exercises like aerobic activities and strength training promote a healthy heart. Manage blood pressure through medication, diet, and lifestyle changes."]
        },
        {
            "intent": "physical_therapy",
            "text": ["Benefits of physical therapy", "Exercises for common injuries", "Rehabilitation after surgery", "Choosing the right physical therapist"],
            "responses": ["Physical therapy aids in recovery from injuries, surgeries, and chronic conditions. Exercises for common injuries include stretches, strength training, and balance exercises. Rehabilitation after surgery may involve mobility exercises and pain management. Choose a physical therapist based on expertise, referrals, and compatibility."]
        },
        {
            "intent": "nutrition_supplements",
            "text": ["Benefits of dietary supplements", "Choosing the right supplements", "Vitamins and minerals for specific health needs", "Supplement interactions with medications"],
            "responses": ["Dietary supplements can fill nutritional gaps but should not replace a balanced diet. Choose supplements based on individual needs and consult a healthcare provider. Certain vitamins and minerals support specific health needs, such as calcium for bone health. Supplements may interact with medications; consult a healthcare provider for guidance."]
        },
        {
            "intent": "mindful_eating",
            "text": ["Practicing mindful eating", "Mindful eating exercises", "Listening to body cues for hunger and fullness", "Avoiding emotional eating"],
            "responses": ["Mindful eating involves savoring each bite, eating without distractions, and paying attention to body cues. Mindful eating exercises include meditation and deep breathing before meals. Listen to your body's signals for hunger and fullness. Avoid emotional eating by finding non-food ways to cope with emotions."]
        },
        {
            "intent": "gut_health",
            "text": ["Maintaining gut health", "Foods for a healthy gut", "Probiotics and prebiotics", "Dealing with digestive issues"],
            "responses": ["Maintain gut health through a balanced diet rich in fiber, fruits, vegetables, and whole grains. Foods for a healthy gut include yogurt, kefir, and fermented foods. Probiotics and prebiotics support gut flora. Digestive issues may require dietary changes, stress management, and medical evaluation."]
        },
        {
            "intent": "women_health",
            "text": ["Women's health screenings", "Managing menstrual irregularities", "Postmenopausal health", "Breast health and self-exams"],
            "responses": ["Women's health screenings include mammograms, Pap smears, and bone density tests. Consult a healthcare provider for irregular menstrual cycles. Postmenopausal health involves bone health and heart health. Breast self-exams can detect changes and should be performed regularly."]
        },
        {
            "intent": "nutrition_myths",
            "text": ["Common nutrition myths debunked", "Misconceptions about diet and exercise", "Food myths and facts", "Healthy eating truths"],
            "responses": ["Common nutrition myths include the need for detox diets and excessive protein consumption. Misconceptions about diet and exercise include spot reduction and extreme calorie restriction. Differentiating food myths from facts can lead to healthier choices. Healthy eating truths involve balance, variety, and moderation."]
        },
        {
            "intent": "lifestyle_changes",
            "text": ["Making sustainable lifestyle changes", "Setting realistic health goals", "Staying motivated for exercise", "Building healthy habits"],
            "responses": ["Sustainable lifestyle changes involve gradual adjustments and realistic goals. Set specific, achievable health goals for motivation. Stay motivated for exercise by finding enjoyable activities and workout partners. Building healthy habits requires consistency, positive reinforcement, and support."]
        },
        {
            "intent": "child_nutrition",
            "text": ["Nutrition for picky eaters", "Healthy school lunch ideas", "Balanced snacks for kids", "Preventing childhood obesity"],
            "responses": ["Nutrition for picky eaters can include creative presentations of fruits and vegetables. Healthy school lunch ideas include whole grains, lean proteins, and colorful fruits and vegetables. Balanced snacks for kids can include yogurt, nuts, and cut-up fruits. Prevent childhood obesity through regular physical activity and limiting sugary foods."]
        },
        {
            "intent": "mind_body_connection",
            "text": ["Mind-body connection in health", "Benefits of meditation and yoga", "Emotional stress and physical health", "Positive thinking and its impact on well-being"],
            "responses": ["The mind-body connection emphasizes the influence of mental and emotional states on physical health. Meditation and yoga reduce stress and promote relaxation. Emotional stress can impact physical health, leading to various conditions. Positive thinking and optimism have a positive impact on overall well-being."]
        },
        {
            "intent": "fitness_motivation",
            "text": ["Staying motivated for fitness", "Overcoming workout plateaus", "Finding joy in physical activity", "Creating a supportive fitness environment"],
            "responses": ["Staying motivated for fitness involves setting goals, tracking progress, and celebrating achievements. Overcoming workout plateaus can be achieved by changing routines and intensities. Finding joy in physical activity by exploring different activities. Creating a supportive fitness environment with friends, family, or fitness communities."]
        },
        {
            "intent": "mindfulness_meditation",
            "text": ["Introduction to mindfulness meditation", "Practicing mindful breathing", "Body scan meditation", "Mindful eating meditation"],
            "responses": ["Mindfulness meditation involves being fully present in the moment. Practice mindful breathing by focusing on each breath. Body scan meditation involves paying attention to different parts of the body. Mindful eating meditation focuses on savoring the taste, texture, and aroma of food."]
        },
        {
            "intent": "aging_gracefully",
            "text": ["Aging gracefully tips", "Maintaining mental agility in old age", "Embracing the aging process", "Finding purpose and joy in later years"],
            "responses": ["Aging gracefully involves staying active, socializing, and engaging in hobbies. Maintain mental agility through puzzles, learning new skills, and social interactions. Embrace the aging process with self-compassion and gratitude. Finding purpose and joy in l,ter years can come from volunteering, hobbies, and spending time with loved ones."]
        }
    ] 
}